{
  "project_info": {
    "project_number": "278077712979",
    "firebase_url": "https://top-cubist-271017.firebaseio.com",
    "project_id": "top-cubist-271017",
    "storage_bucket": "top-cubist-271017.appspot.com"
  },
  "client": [
    {
      "client_info": {
        "mobilesdk_app_id": "1:278077712979:android:fbc63968df6bf0061af4a6",
        "android_client_info": {
          "package_name": "mondo.app.xocoronavirus"
        }
      },
      "oauth_client": [
        {
          "client_id": "278077712979-adg23ll3vt6t1a40t64k11ukb7ic5nia.apps.googleusercontent.com",
          "client_type": 3
        }
      ],
      "api_key": [
        {
          "current_key": "AIzaSyDtsihj_koLicXfrgIia2bqsOtlFLEghac"
        }
      ],
      "services": {
        "appinvite_service": {
          "other_platform_oauth_client": [
            {
              "client_id": "278077712979-adg23ll3vt6t1a40t64k11ukb7ic5nia.apps.googleusercontent.com",
              "client_type": 3
            }
          ]
        }
      }
    }
  ],
  "configuration_version": "1"
}